{
  "todos": [
    {
      "id": "2",
      "category": "home",
      "description": "Finish project report"
    },
    {
      "id": "3",
      "category": "home",
      "description": "Clean the house"
    },
    {
      "id": "4",
      "category": "work",
      "description": "Attend meeting at 2 PM"
    },
    {
      "id": "5",
      "category": "home",
      "description": "Water the plants"
    },
    {
      "id": "6",
      "category": "work",
      "description": "Reply to emails"
    },
    {
      "id": "7",
      "category": "home",
      "description": "Prepare dinner"
    },
    {
      "id": "8",
      "category": "work",
      "description": "Code review"
    },
    {
      "id": "9",
      "category": "home",
      "description": "Exercise for 30 minutes"
    },
    {
      "id": "10",
      "category": "work",
      "description": "Submit quarterly report"
    },
    {
      "id": "2393",
      "category": "work",
      "description": "awdawdad"
    },
    {
      "id": "0b21",
      "category": "work",
      "description": "awdawdad"
    },
    {
      "id": "3543",
      "category": "home",
      "description": "asdaw"
    },
    {
      "id": "2d48",
      "category": "home",
      "description": "119"
    },
    {
      "id": "3eda",
      "category": "home",
      "description": "asda"
    }
  ]
}